{"loss": [0.645963656631383, 0.6672133126042106], "f1": [0.7830174567505903, 0.7679685091610946], "accuracy": [0.6590909090909091, 0.634469696969697], "roc": [0.42063529116085935, 0.5131520468168195]}