{"loss": [0.6519344624351052, 0.6489518056897556, 0.6496068088447347, 0.6501562626922832, 0.6499288047061247, 0.649325390773661, 0.6502144785488353], "f1": [0.7557422969187674, 0.7524929971988794, 0.7641456582633053, 0.7445938375350138, 0.7597198879551821, 0.7490196078431371, 0.7599439775910364], "accuracy": [0.6441176470588236, 0.6470588235294118, 0.646078431372549, 0.6450980392156863, 0.6450980392156863, 0.646078431372549, 0.6450980392156863], "roc": [0.41666666666666663, 0.4009803921568627, 0.4441176470588235, 0.3627450980392156, 0.39803921568627443, 0.41960784313725485, 0.4676470588235294]}